{"cameraMode":{"drawMode":0,"name":"Shaded","section":"Shading Mode"},"sceneLighting":true,"audioPlay":false,"sceneViewState":{"showFog":true,"showMaterialUpdate":false,"showSkybox":true,"showFlares":true,"showImageEffects":true,"showParticleSystems":true},"in2DMode":false,"pivot":{"x":2.9945716857910158,"y":8.796539306640625,"z":-10.836573600769043},"rotation":{"x":-0.048782456666231158,"y":0.6890114545822144,"z":0.04657908156514168,"w":0.721605122089386},"size":17.056161880493165,"orthographic":false}